#type (r[1-9];w;u),circuit,name,comment,QQ,ZZ,PBSB,ID,field,part (m;s),datatypes/templates,divider/values,unit,comment,field,part (m;s),datatypes/templates,divider/values,unit,comment,field,part (m;s),datatypes/templates,divider/values,unit,comment,field,part (m;s),datatypes/templates,divider/values,unit,comment,field,part (m;s),datatypes/templates,divider/values,unit,comment,field,part (m;s),datatypes/templates,divider/values,unit,comment,field,part (m;s),datatypes/templates,divider/values,unit,comment,field,part (m;s),datatypes/templates,divider/values,unit,comment,field,part (m;s),datatypes/templates,divider/values,unit,comment,field,part (m;s),datatypes/templates,divider/values,unit,comment,field,part (m;s),datatypes/templates,divider/values,unit,comment
#Ochsner,SID=15;MF=TEM;ID=24849;SW=0605;HW=0102,,,,,,,,,,,,,,,,,,,,,,,,,,,,,,,,,,,,,,,,,,,,,,,,,,,,,,,,,,,,,,,,,,,,,,,,
#______________________________,,,,,,,,,,,,,,,,,,,,,,,,,,,,,,,,,,,,,,,,,,,,,,,,,,,,,,,,,,,,,,,,,,,,,,,,,
*r,24849,,,,15,0621,,,,,,,,,,,,,,,,,,,,,,,,,,,,,,,,,,,,,,,,,,,,,,,,,,,,,,,,,,,,,,,,,,,
#*w,24849,,,,15,0623,,,,,,,,,,,,,,,,,,,,,,,,,,,,,,,,,,,,,,,,,,,,,,,,,,,,,,,,,,,,,,,,,,,
*w,24849,,,,10,0623,,,,,,,,,,,,,,,,,,,,,,,,,,,,,,,,,,,,,,,,,,,,,,,,,,,,,,,,,,,,,,,,,,,
#______________________________,,,,,,,,,,,,,,,,,,,,,,,,,,,,,,,,,,,,,,,,,,,,,,,,,,,,,,,,,,,,,,,,,,,,,,,,,
r1,,status.heatpump,02-053 Status heat generator control,,,,7d800002,,,param,,,,,,statusheatpump,,,,,,,,,,,,,,,,,,,,,,,,,,,,,,,,,,,,,,,,,,,,,,,,,,,,,,,,,
r1,,status.auxheating,02-053 Status auxiliary heat generator control,,,,7e800004,,,param,,,,,,statusauxheating,,,,,,,,,,,,,,,,,,,,,,,,,,,,,,,,,,,,,,,,,,,,,,,,,,,,,,,,,
r1,,status.heating,02-051 Status heating circuit,,,,7780000a,,,param,,,,,,statusheating,,,,,,,,,,,,,,,,,,,,,,,,,,,,,,,,,,,,,,,,,,,,,,,,,,,,,,,,,
r1,,status.hotwater,02-052 Status hot water,,,,7980000e,,,param,,,,,,statusboiler,,,,,,,,,,,,,,,,,,,,,,,,,,,,,,,,,,,,,,,,,,,,,,,,,,,,,,,,,
#______________________________,,,,,,,,,,,,,,,,,,,,,,,,,,,,,,,,,,,,,,,,,,,,,,,,,,,,,,,,,,,,,,,,,,,,,,,,,
r1,,mode.heating,03-050 Heating operation choice,,,,03b2004a,,,param,,,,,,status,,,,,,,,,,,,,,,,,,,,,,,,,,,,,,,,,,,,,,,,,,,,,,,,,,,,,,,,,
w,,mode.heating,03-050 Heating operation choice,,,,03b2004a,,,status,,,,,,,,,,,,,,,,,,,,,,,,,,,,,,,,,,,,,,,,,,,,,,,,,,,,,,,,,,,,,,,
r1,,mode.heatpump,09-075 Heatpump operation choice,,,,61800002,,,param,,,,,,status,,,,,,,,,,,,,,,,,,,,,,,,,,,,,,,,,,,,,,,,,,,,,,,,,,,,,,,,,
w,,mode.heatpump,09-075 Heatpump operation choice,,,,61800002,,,status,,,,,,,,,,,,,,,,,,,,,,,,,,,,,,,,,,,,,,,,,,,,,,,,,,,,,,,,,,,,,,,
r1,,mode.auxheating,09-075 Aux heating operation choice,,,,09cb0044,,,param,,,,,,status,,,,,,,,,,,,,,,,,,,,,,,,,,,,,,,,,,,,,,,,,,,,,,,,,,,,,,,,,
w,,mode.auxheating,09-075 Aux heating operation choice,,,,09cb0044,,,status,,,,,,,,,,,,,,,,,,,,,,,,,,,,,,,,,,,,,,,,,,,,,,,,,,,,,,,,,,,,,,,
r1,,mode.hotwater,03-050 Hotwater operation choice,,,,05b2004e,,,param,,,,,,status,,,,,,,,,,,,,,,,,,,,,,,,,,,,,,,,,,,,,,,,,,,,,,,,,,,,,,,,,
w,,mode.hotwater,03-050 Hotwater operation choice,,,,05b2004e,,,status,,,,,,,,,,,,,,,,,,,,,,,,,,,,,,,,,,,,,,,,,,,,,,,,,,,,,,,,,,,,,,,
#r1,,applicationtype.heating,07-076 Application type heating circuit => 0:heating circuit not active; 1:Pump circuit without cooling; 2:Pump circuit with cooling; 3:Mixer circuit without cooling; 4:Mixer circuit with cooling,,,,67810008,,,param,,,,,,status,,,,,,,,,,,,,,,,,,,,,,,,,,,,,,,,,,,,,,,,,,,,,,,,,,,,,,,,,
#______________________________,,,,,,,,,,,,,,,,,,,,,,,,,,,,,,,,,,,,,,,,,,,,,,,,,,,,,,,,,,,,,,,,,,,,,,,,,
r1,,temperature.buffer.tpo,00-015 Buffer temperature (upper area) Puffertemperatur oben,,,,7a800010,,,param,,,,,,tempt,,,,,,,,,,,,,,,,,,,,,,,,,,,,,,,,,,,,,,,,,,,,,,,,,,,,,,,,,
r1,,temperature.buffer.tpm,00-017 Buffer temperature (middle area) Puffertemperatur mitte,,,,7a810010,,,param,,,,,,tempt,,,,,,,,,,,,,,,,,,,,,,,,,,,,,,,,,,,,,,,,,,,,,,,,,,,,,,,,,
r1,,temperature.buffer.flow,(same as 00-015),,,,00e00040,,,param,,,,,,tempt,,,,,,,,,,,,,,,,,,,,,,,,,,,,,,,,,,,,,,,,,,,,,,,,,,,,,,,,,
#r,,temperature.buffer.flow_1,(same as 00-015),,,,7a820010,,,param,,,,,,tempt,,,,,,,,,,,,,,,,,,,,,,,,,,,,,,,,,,,,,,,,,,,,,,,,,,,,,,,,,
r1,,temperature.flow.setpoint,01-002 (same as 07-009??),,,,7a830010,,,param,,,,,,tempt,,,,,,,,,,,,,,,,,,,,,,,,,,,,,,,,,,,,,,,,,,,,,,,,,,,,,,,,,
#r1,,temperature.heating.manual.setpoint,07-009 Manual operation set temperature,,,,07890048,,,param,,,,,,tempt,,,,,,,,,,,,,,,,,,,,,,,,,,,,,,,,,,,,,,,,,,,,,,,,,,,,,,,,,
#w,,temperature.heating.manual.setpoint,07-009 Setpoint temperature manual mode,,,,07890048,,,tempt,,,,,,,,,,,,,,,,,,,,,,,,,,,,,,,,,,,,,,,,,,,,,,,,,,,,,,,,,,,,,,,
#r,,temperature.heating.manual.setpoint_1,07-009 Manual operation set temperature,,,,67800008,,,param,,,,,,tempt,,,,,,,,,,,,,,,,,,,,,,,,,,,,,,,,,,,,,,,,,,,,,,,,,,,,,,,,,
r1,,temperature.heating.flow,00-002 Actual heating circuit flow temperature,,,,7784000a,,,param,,,,,,tempt,,,,,,,,,,,,,,,,,,,,,,,,,,,,,,,,,,,,,,,,,,,,,,,,,,,,,,,,,
#r1,,temperature.heating.flow,00-002 Actual heating circuit flow temperature (same as 00-015),,,,77850008,,,param,,,,,,tempt,,,,,,,,,,,,,,,,,,,,,,,,,,,,,,,,,,,,,,,,,,,,,,,,,,,,,,,,,
#r,,temperature.heating.flow_1,00-002 Actual heating circuit flow temperature (same as 00-015),,,,00820048,,,param,,,,,,tempt,,,,,,,,,,,,,,,,,,,,,,,,,,,,,,,,,,,,,,,,,,,,,,,,,,,,,,,,,
#r1,,temperature.heating.flow.setpoint,(same as 07-009),,,,77860008,,,param,,,,,,tempt,,,,,,,,,,,,,,,,,,,,,,,,,,,,,,,,,,,,,,,,,,,,,,,,,,,,,,,,,
#r,,temperature.room,00-001 Actual room temperature,,,,77830008,,,param,,,,,,tempt,,,,,,,,,,,,,,,,,,,,,,,,,,,,,,,,,,,,,,,,,,,,,,,,,,,,,,,,,
#r,,temperature.room_1,00-001 Actual room temperature,,,,00810048,,,param,,,,,,tempt,,,,,,,,,,,,,,,,,,,,,,,,,,,,,,,,,,,,,,,,,,,,,,,,,,,,,,,,,
#r1,,temperature.room.setpoint,01-001 Setpoint room temperature,,,,77840008,,,param,,,,,,tempt,,,,,,,,,,,,,,,,,,,,,,,,,,,,,,,,,,,,,,,,,,,,,,,,,,,,,,,,,
r1,,temperature.outside,00-000 Outside temperature,,,,00800040,,,param,,,,,,tempt,,,,,,,,,,,,,,,,,,,,,,,,,,,,,,,,,,,,,,,,,,,,,,,,,,,,,,,,,
#r1,,temperature.outside_1,00-000 Outside temperature,,,,00800042,,,param,,,,,,tempt,,,,,,,,,,,,,,,,,,,,,,,,,,,,,,,,,,,,,,,,,,,,,,,,,,,,,,,,,
#r1,,temperature.outside_2,00-000 Outside temperature,,,,00800048,,,param,,,,,,tempt,,,,,,,,,,,,,,,,,,,,,,,,,,,,,,,,,,,,,,,,,,,,,,,,,,,,,,,,,
#r1,,temperature.outside_3,00-000 Outside temperature,,,,77810008,,,param,,,,,,tempt,,,,,,,,,,,,,,,,,,,,,,,,,,,,,,,,,,,,,,,,,,,,,,,,,,,,,,,,,
#r1,,temperature.outside.average,02-020 Outdoor temperature average,,,,77820008,,,param,,,,,,tempt,,,,,,,,,,,,,,,,,,,,,,,,,,,,,,,,,,,,,,,,,,,,,,,,,,,,,,,,,
r1,,temperature.outside.average,02-020 Outdoor temperature average,,,,7782000a,,,param,,,,,,tempt,,,,,,,,,,,,,,,,,,,,,,,,,,,,,,,,,,,,,,,,,,,,,,,,,,,,,,,,,
r1,,temperature.heatpump.tqe,00-071 Heat source input temperature Eingangstemperatur der Wärmequelle,,,,00c70042,,,param,,,,,,tempt,,,,,,,,,,,,,,,,,,,,,,,,,,,,,,,,,,,,,,,,,,,,,,,,,,,,,,,,,
#r,,temperature.heatpump.tqe_1,00-071 Heat source input temperature,,,,7d850002,,,param,,,,,,tempt,,,,,,,,,,,,,,,,,,,,,,,,,,,,,,,,,,,,,,,,,,,,,,,,,,,,,,,,,
r1,,temperature.heatpump.tqa,00-070 Heat source outlet temperature Austrittstemperatur der Wärmequelle,,,,00c60042,,,param,,,,,,tempt,,,,,,,,,,,,,,,,,,,,,,,,,,,,,,,,,,,,,,,,,,,,,,,,,,,,,,,,,
#r,,temperature.heatpump.tqa_1,00-070 Heat source outlet temperature,,,,7d840002,,,param,,,,,,tempt,,,,,,,,,,,,,,,,,,,,,,,,,,,,,,,,,,,,,,,,,,,,,,,,,,,,,,,,,
r1,,temperature.heatpump.twv,00-007 Heat pump flow temperature Vorlauftemperatur der Wärmepumpe,,,,00870042,,,param,,,,,,tempt,,,,,,,,,,,,,,,,,,,,,,,,,,,,,,,,,,,,,,,,,,,,,,,,,,,,,,,,,
#r,,temperature.heatpump.twv_1,00-007 Heat pump flow temperature,,,,7d810002,,,param,,,,,,tempt,,,,,,,,,,,,,,,,,,,,,,,,,,,,,,,,,,,,,,,,,,,,,,,,,,,,,,,,,
r1,,temperature.heatpump.twr,00-008 Heat pump return temperature Rücklauftemperatur der Wärmepumpe,,,,00880042,,,param,,,,,,tempt,,,,,,,,,,,,,,,,,,,,,,,,,,,,,,,,,,,,,,,,,,,,,,,,,,,,,,,,,
#r,,temperature.heatpump.twr_1,00-008 Heat pump return temperature,,,,7d830002,,,param,,,,,,tempt,,,,,,,,,,,,,,,,,,,,,,,,,,,,,,,,,,,,,,,,,,,,,,,,,,,,,,,,,
r1,,temperature.hotwater.current,00-004 Actual temperature hot water,,,,00840040,,,param,,,,,,tempt,,,,,,,,,,,,,,,,,,,,,,,,,,,,,,,,,,,,,,,,,,,,,,,,,,,,,,,,,
r1,,temperature.hotwater.setpoint,01-004 Setpoint desired hot water temperature,,,,7982000e,,,param,,,,,,tempt,,,,,,,,,,,,,,,,,,,,,,,,,,,,,,,,,,,,,,,,,,,,,,,,,,,,,,,,,
r1,,temperature.hotwater.normal.set,05-051 Setpoint desired hot water temperature,,,,6580000e,,,param,,,,,,tempt,,,,,,,,,,,,,,,,,,,,,,,,,,,,,,,,,,,,,,,,,,,,,,,,,,,,,,,,,
w,,temperature.hotwater.normal.set,05-051 Setpoint desired hot water temperature,,,,6580000e,,,tempt,,,,,,,,,,,,,,,,,,,,,,,,,,,,,,,,,,,,,,,,,,,,,,,,,,,,,,,,,,,,,,,
r1,,temperature.hotwater.economy.set,05-086 Setpoint desired hot water energy saving temperature,,,,05d6004e,,,param,,,,,,tempt1,,,,,,,,,,,,,,,,,,,,,,,,,,,,,,,,,,,,,,,,,,,,,,,,,,,,,,,,,
w,,temperature.hotwater.economy.set,05-086 Setpoint desired hot water energy saving temperature,,,,05d6004e,,,tempt1,,,,,,,,,,,,,,,,,,,,,,,,,,,,,,,,,,,,,,,,,,,,,,,,,,,,,,,,,,,,,,,
#______________________________,,,,,,,,,,,,,,,,,,,,,,,,,,,,,,,,,,,,,,,,,,,,,,,,,,,,,,,,,,,,,,,,,,,,,,,,,
#r,,buffer.heating,??? returns value 22.0,,,,7a840010,,,param,,,,,,percent1,,,,,,,,,,,,,,,,,,,,,,,,,,,,,,,,,,,,,,,,,,,,,,,,,,,,,,,,,
#r,,buffer.boiler_b,??? returns value 12.0,,,,7a850010 ,,,param,,,,,,percent1,,,,,,,,,,,,,,,,,,,,,,,,,,,,,,,,,,,,,,,,,,,,,,,,,,,,,,,,,
#______________________________,,,,,,,,,,,,,,,,,,,,,,,,,,,,,,,,,,,,,,,,,,,,,,,,,,,,,,,,,,,,,,,,,,,,,,,,,
#r,,humidity,00-058 Humidity,,,,77870008,,,param,,,,,,humidity,,,,,,,,,,,,,,,,,,,,,,,,,,,,,,,,,,,,,,,,,,,,,,,,,,,,,,,,,
#______________________________,,,,,,,,,,,,,,,,,,,,,,,,,,,,,,,,,,,,,,,,,,,,,,,,,,,,,,,,,,,,,,,,,,,,,,,,,
r1,,heatpump.setpoint,01-007 Supply temperature setpoint request to heat generator,,,,7d820002,,,param,,,,,,tempt,,,,,,,,,,,,,,,,,,,,,,,,,,,,,,,,,,,,,,,,,,,,,,,,,,,,,,,,,
r1,,heatpump.volume_flow_heat_usage,21-002 Heatpump Heating Flow (Volumenstrom Wärmenutzung),,,,7d870002,,,param,,,,,,lmin,,,,,,,,,,,,,,,,,,,,,,,,,,,,,,,,,,,,,,,,,,,,,,,,,,,,,,,,,
r1,,heatpump.volume.flow_heat_source,21-090 Heatpump Heating Flow (Volumenstrom Wärmequelle),,,,7d880002,,,param,,,,,,lmin,,,,,,,,,,,,,,,,,,,,,,,,,,,,,,,,,,,,,,,,,,,,,,,,,,,,,,,,,
r1,,heatpump.cycles,02-080 Operating cycles,,,,7d850002,,,param2,,,,,,cycles,,,,,,,,,,,,,,,,,,,,,,,,,,,,,,,,,,,,,,,,,,,,,,,,,,,,,,,,,
r1,,heatpump.auxcycles,02-080 Aux Operating cycles,,,,7e820004,,,param2,,,,,,cycles,,,,,,,,,,,,,,,,,,,,,,,,,,,,,,,,,,,,,,,,,,,,,,,,,,,,,,,,,
r1,,heatpump.hours,02-081 Operating hours,,,,7d860002,,,param1,,,,,,hours,,,,,,,,,,,,,,,,,,,,,,,,,,,,,,,,,,,,,,,,,,,,,,,,,,,,,,,,,
r1,,heatpump.auxhours,02-081 Aux Operating hours,,,,7e830004,,,param1,,,,,,hours,,,,,,,,,,,,,,,,,,,,,,,,,,,,,,,,,,,,,,,,,,,,,,,,,,,,,,,,,
#r1,,heatpump.energymwh,23-009 Energy consumption (part MWh),,,,7d890002,,,param,,,,,,mwh,,,,,,,,,,,,,,,,,,,,,,,,,,,,,,,,,,,,,,,,,,,,,,,,,,,,,,,,,
#r1,,heatpump.energykwh,23-000 Energy consumption (part kWh),,,,7d880002,,,param,,,,,,kwh,,,,,,,,,,,,,,,,,,,,,,,,,,,,,,,,,,,,,,,,,,,,,,,,,,,,,,,,,
r1,,heatpump.deicingmwh,23-012 De-icing energy (part MWh),,,,7d8c0002,,,param,,,,,,mwh,,,,,,,,,,,,,,,,,,,,,,,,,,,,,,,,,,,,,,,,,,,,,,,,,,,,,,,,,
r1,,heatpump.deicingkwh,23-005 De-icing energy (part kWh),,,,7d8b0002,,,param,,,,,,kwh,,,,,,,,,,,,,,,,,,,,,,,,,,,,,,,,,,,,,,,,,,,,,,,,,,,,,,,,,
r1,,heatpump.heatingmwh,23-010 Heating energy (part MWh),,,,7d8a0002,,,param,,,,,,mwh,,,,,,,,,,,,,,,,,,,,,,,,,,,,,,,,,,,,,,,,,,,,,,,,,,,,,,,,,
r1,,heatpump.heatingkwh,23-001 Heating energy (part kWh),,,,7d890002,,,param,,,,,,kwh,,,,,,,,,,,,,,,,,,,,,,,,,,,,,,,,,,,,,,,,,,,,,,,,,,,,,,,,,
r1,,heatpump.hotwatermwh,23-013 Hot water energy (part MWh),,,,7d8e0002,,,param,,,,,,mwh,,,,,,,,,,,,,,,,,,,,,,,,,,,,,,,,,,,,,,,,,,,,,,,,,,,,,,,,,
r1,,heatpump.hotwaterkwh,23-006 Hot water energy (part kWh),,,,7d8d0002,,,param,,,,,,kwh,,,,,,,,,,,,,,,,,,,,,,,,,,,,,,,,,,,,,,,,,,,,,,,,,,,,,,,,,
r1,,heatpump.auxheatingmwh,23-010 Auxiliary Heating energy (part MWh),,,,7e850004,,,param,,,,,,mwh,,,,,,,,,,,,,,,,,,,,,,,,,,,,,,,,,,,,,,,,,,,,,,,,,,,,,,,,,
r1,,heatpump.auxheatingkwh,23-001 Auxiliary Heating energy (part kWh),,,,7e840004,,,param,,,,,,kwh,,,,,,,,,,,,,,,,,,,,,,,,,,,,,,,,,,,,,,,,,,,,,,,,,,,,,,,,,
#______________________________,,,,,,,,,,,,,,,,,,,,,,,,,,,,,,,,,,,,,,,,,,,,,,,,,,,,,,,,,,,,,,,,,,,,,,,,,
#r1,,preferencesC1.roomfrost,03-000 room frost protection temperature,,,,63800008,,,param,,,,,,tempt,,,,,,,,,,,,,,,,,,,,,,,,,,,,,,,,,,,,,,,,,,,,,,,,,,,,,,,,,
#r1,,preferencesC1.pointtemp,03-001 Base point temperature,,,,63810008,,,param,,,,,,tempt,,,,,,,,,,,,,,,,,,,,,,,,,,,,,,,,,,,,,,,,,,,,,,,,,,,,,,,,,
#r1,,preferencesC1.heatinglimit,03-021 Heating limit outdoor temperature,,,,63820008,,,param,,,,,,tempt,,,,,,,,,,,,,,,,,,,,,,,,,,,,,,,,,,,,,,,,,,,,,,,,,,,,,,,,,
#r1,,preferencesC1.outsideTH,03-012 Design outside temperature,,,,63830008,,,param,,,,,,temp3,,,,,,,,,,,,,,,,,,,,,,,,,,,,,,,,,,,,,,,,,,,,,,,,,,,,,,,,,
#r1,,preferencesC1.supplyTH,03-013 Design supply temperature,,,,63840008,,,param,,,,,,temp1,,,,,,,,,,,,,,,,,,,,,,,,,,,,,,,,,,,,,,,,,,,,,,,,,,,,,,,,,
#r1,,preferencesC1.heating_limit,03-021 Heating limit outdoor temperature,,,,63850008,,,param,,,,,,tempt,,,,,,,,,,,,,,,,,,,,,,,,,,,,,,,,,,,,,,,,,,,,,,,,,,,,,,,,,
#r1,,preferencesC1.dayTH,03-051 Room temp day heating operation,,,,63860008,,,param,,,,,,tempt,,,,,,,,,,,,,,,,,,,,,,,,,,,,,,,,,,,,,,,,,,,,,,,,,,,,,,,,,
#r1,,preferencesC1.nightTH,03-053 Room temp night Heating operation,,,,63870008,,,param,,,,,,tempt,,,,,,,,,,,,,,,,,,,,,,,,,,,,,,,,,,,,,,,,,,,,,,,,,,,,,,,,,
#r1,,preferencesC1.remotecontrol,03-091 Remote control available,,,,63880008,,,param,,,,,,tempt,,,,,,,,,,,,,,,,,,,,,,,,,,,,,,,,,,,,,,,,,,,,,,,,,,,,,,,,,
#______________________________,,,,,,,,,,,,,,,,,,,,,,,,,,,,,,,,,,,,,,,,,,,,,,,,,,,,,,,,,,,,,,,,,,,,,,,,,
#?,time programm,,,,,,,,,,,,,,,,,,,,,,,,,,,,,,,,,,,,,,,,,,,,,,,,,,,,,,,,,,,,,,,,,,,,,,,,
#?,,holiday programm,Holiday,,,,,,,,,,,,,,,,,,,,,,,,,,,,,,,,,,,,,,,,,,,,,,,,,,,,,,,,,,,,,,,,,,,,,,
#?,,partytimer,Party timer heating mode,,,,,,,,,,,,,,,,,,,,,,,,,,,,,,,,,,,,,,,,,,,,,,,,,,,,,,,,,,,,,,,,,,,,,,
#?,,time programm,,,,,,,,,,,,,,,,,,,,,,,,,,,,,,,,,,,,,,,,,,,,,,,,,,,,,,,,,,,,,,,,,,,,,,,
#______________________________,,,,,,,,,,,,,,,,,,,,,,,,,,,,,,,,,,,,,,,,,,,,,,,,,,,,,,,,,,,,,,,,,,,,,,,,,
#r1,,curveH.pointH,03-001 Base point temperature,,,,03810048,,,param,,,,,,tempt,,,,,,,,,,,,,,,,,,,,,,,,,,,,,,,,,,,,,,,,,,,,,,,,,,,,,,,,,
#w,,curveH.pointH,03-001 Base point temperature,,,,03810048,,,tempt,,,,,,,,,,,,,,,,,,,,,,,,,,,,,,,,,,,,,,,,,,,,,,,,,,,,,,,,,,,,,,,
#r1,,curveH.outsideH,03-012 Design outside temperature,,,,038c0048,,,param,,,,,,temp3,,,,,,,,,,,,,,,,,,,,,,,,,,,,,,,,,,,,,,,,,,,,,,,,,,,,,,,,,
#w,,curveH.outsideH,03-012 Design outside temperature,,,,038c0048,,,temp3,,,,,,,,,,,,,,,,,,,,,,,,,,,,,,,,,,,,,,,,,,,,,,,,,,,,,,,,,,,,,,,
#r1,,curveH.supplyH,03-013 Design supply temperature,,,,038d0048,,,param,,,,,,temp1,,,,,,,,,,,,,,,,,,,,,,,,,,,,,,,,,,,,,,,,,,,,,,,,,,,,,,,,,
#w,,curveH.supplyH,03-013 Design supply temperature,,,,038d0048,,,temp1,,,,,,,,,,,,,,,,,,,,,,,,,,,,,,,,,,,,,,,,,,,,,,,,,,,,,,,,,,,,,,,
#______________________________,,,,,,,,,,,,,,,,,,,,,,,,,,,,,,,,,,,,,,,,,,,,,,,,,,,,,,,,,,,,,,,,,,,,,,,,,
#r,,curveC.pointC,03-043 Cooling setpoint,,,,03b00048 ,,,param,,,,,,tempt,,,,,,,,,,,,,,,,,,,,,,,,,,,,,,,,,,,,,,,,,,,,,,,,,,,,,,,,,
#w,,curveC.pointC,03-043 Cooling setpoint,,,,03b00048 ,,,tempt,,,,,,,,,,,,,,,,,,,,,,,,,,,,,,,,,,,,,,,,,,,,,,,,,,,,,,,,,,,,,,,
#r,,curveC.outsideC,03-047 Design outside temperature,,,,03af0048,,,param,,,,,,temp3,,,,,,,,,,,,,,,,,,,,,,,,,,,,,,,,,,,,,,,,,,,,,,,,,,,,,,,,,
#w,,curveC.outsideC,03-047 Design outside temperature,,,,03af0048,,,temp3,,,,,,,,,,,,,,,,,,,,,,,,,,,,,,,,,,,,,,,,,,,,,,,,,,,,,,,,,,,,,,,
#r,,curveC.supplyC,03-04 Design supply temperature,,,,03ab0048,,,param,,,,,,temp1,,,,,,,,,,,,,,,,,,,,,,,,,,,,,,,,,,,,,,,,,,,,,,,,,,,,,,,,,
#w,,curveC.supplyC,03-04 Design supply temperature,,,,03ab0048,,,temp1,,,,,,,,,,,,,,,,,,,,,,,,,,,,,,,,,,,,,,,,,,,,,,,,,,,,,,,,,,,,,,,
#______________________________,,,,,,,,,,,,,,,,,,,,,,,,,,,,,,,,,,,,,,,,,,,,,,,,,,,,,,,,,,,,,,,,,,,,,,,,,
#r1,,target.limitH,03-021 Heating limit outdoor temperature,,,,03950048,,,param,,,,,,tempt,,,,,,,,,,,,,,,,,,,,,,,,,,,,,,,,,,,,,,,,,,,,,,,,,,,,,,,,,
#w,,target.limitH,03-021 Heating limit outdoor temperature,,,,03950048,,,tempt,,,,,,,,,,,,,,,,,,,,,,,,,,,,,,,,,,,,,,,,,,,,,,,,,,,,,,,,,,,,,,,
#r1,,target.dayH,03-051 Room temp day heating operation,,,,03b30048,,,param,,,,,,tempt,,,,,,,,,,,,,,,,,,,,,,,,,,,,,,,,,,,,,,,,,,,,,,,,,,,,,,,,,
#w,,target.dayH,03-051 Room temp day heating operation,,,,03b30048,,,tempt,,,,,,,,,,,,,,,,,,,,,,,,,,,,,,,,,,,,,,,,,,,,,,,,,,,,,,,,,,,,,,,
#r1,,target.nightH,03-053 Room temp night Heating operation,,,,03b50048,,,param,,,,,,tempt,,,,,,,,,,,,,,,,,,,,,,,,,,,,,,,,,,,,,,,,,,,,,,,,,,,,,,,,,
#w,,target.nightH,03-053 Room temp night Heating operation,,,,03b50048,,,tempt,,,,,,,,,,,,,,,,,,,,,,,,,,,,,,,,,,,,,,,,,,,,,,,,,,,,,,,,,,,,,,,
#r,,target.Ssummer,03-045 Slope summer co,,,,03ac0048,,,param,,,,,,tempt,,,,,,,,,,,,,,,,,,,,,,,,,,,,,,,,,,,,,,,,,,,,,,,,,,,,,,,,,
#w,,target.Ssummer,03-045 Slope summer co,,,,03ac0048,,,tempt,,,,,,,,,,,,,,,,,,,,,,,,,,,,,,,,,,,,,,,,,,,,,,,,,,,,,,,,,,,,,,,
#r,,target.SpointS,03-044 Start point summer,,,,03b60048,,,param,,,,,,tempt,,,,,,,,,,,,,,,,,,,,,,,,,,,,,,,,,,,,,,,,,,,,,,,,,,,,,,,,,
#w,,target.SpointS,03-044 Start point summer,,,,03b60048,,,tempt,,,,,,,,,,,,,,,,,,,,,,,,,,,,,,,,,,,,,,,,,,,,,,,,,,,,,,,,,,,,,,,
#r,,target.dayC,03-054 Room temp day cooling operation,,,,03b80048,,,param,,,,,,tempt,,,,,,,,,,,,,,,,,,,,,,,,,,,,,,,,,,,,,,,,,,,,,,,,,,,,,,,,,
#w,,target.dayC,03-054 Room temp day cooling operation,,,,03b80048,,,tempt,,,,,,,,,,,,,,,,,,,,,,,,,,,,,,,,,,,,,,,,,,,,,,,,,,,,,,,,,,,,,,,
#r,,target.nightC,03-056 Room temp night operation,,,,03ad0048,,,param,,,,,,tempt,,,,,,,,,,,,,,,,,,,,,,,,,,,,,,,,,,,,,,,,,,,,,,,,,,,,,,,,,
#w,,target.nightC,03-056 Room temp night operation,,,,03ad0048,,,tempt,,,,,,,,,,,,,,,,,,,,,,,,,,,,,,,,,,,,,,,,,,,,,,,,,,,,,,,,,,,,,,,
#______________________________,,,,,,,,,,,,,,,,,,,,,,,,,,,,,,,,,,,,,,,,,,,,,,,,,,,,,,,,,,,,,,,,,,,,,,,,,
#r1,,unknown.02c60040,???,,,0621,02c60040,,,param,,,,,,status,,,,,,,,,,,,,,,,,,,,,,,,,,,,,,,,,,,,,,,,,,,,,,,,,,,,,,,,,
#r1,,unknown.02c80040,???,,,0621,02c80040,,,param,,,,,,status,,,,,,,,,,,,,,,,,,,,,,,,,,,,,,,,,,,,,,,,,,,,,,,,,,,,,,,,,
#r1,,unknown.01cc0042,,,,0621,01cc0042,,,param,,,,,,status,,,,,,,,,,,,,,,,,,,,,,,,,,,,,,,,,,,,,,,,,,,,,,,,,,,,,,,,,
#r1,,unknown.01960042,,,,0621,01960042,,,param,,,,,,status,,,,,,,,,,,,,,,,,,,,,,,,,,,,,,,,,,,,,,,,,,,,,,,,,,,,,,,,,
#r1,,unknown.01940048,,,,0621,01940048,,,param,,,,,,tempt,,,,,,,,,,,,,,,,,,,,,,,,,,,,,,,,,,,,,,,,,,,,,,,,,,,,,,,,,
#______________________________,,,,,,,,,,,,,,,,,,,,,,,,,,,,,,,,,,,,,,,,,,,,,,,,,,,,,,,,,,,,,,,,,,,,,,,,,
#*r,21576,,,,15,0621,02,,,,,,,,,,,,,,,,,,,,,,,,,,,,,,,,,,,,,,,,,,,,,,,,,,,,,,,,,,,,,,,,,,
#r,,Srerrdata.last,,,,,da0040,,,err,,,,,,,,,,,,,,,,,,,,,,,,,,,,,,,,,,,,,,,,,,,,,,,,,,,,,,,,,,,,,,,
#r,,Srerrdata.2nd,,,,,da1040,,,err,,,,,,,,,,,,,,,,,,,,,,,,,,,,,,,,,,,,,,,,,,,,,,,,,,,,,,,,,,,,,,,
#r,,Srerrdata.3nd,,,,,da2040,,,err,,,,,,,,,,,,,,,,,,,,,,,,,,,,,,,,,,,,,,,,,,,,,,,,,,,,,,,,,,,,,,,
#r,,Srerrdata.4nd,,,,,da3040,,,err,,,,,,,,,,,,,,,,,,,,,,,,,,,,,,,,,,,,,,,,,,,,,,,,,,,,,,,,,,,,,,,
#r,,Srerrdata.5nd,,,,,da4040,,,err,,,,,,,,,,,,,,,,,,,,,,,,,,,,,,,,,,,,,,,,,,,,,,,,,,,,,,,,,,,,,,,
#r,,Srerrdata.6nd,,,,,da5040,,,err,,,,,,,,,,,,,,,,,,,,,,,,,,,,,,,,,,,,,,,,,,,,,,,,,,,,,,,,,,,,,,,
#*r,21576,,,,15,0622,02,,,,,,,,,,,,,,,,,,,,,,,,,,,,,,,,,,,,,,,,,,,,,,,,,,,,,,,,,,,,,,,,,,
#r,,SRerrdata1.last,,,,,da0040,errcod,,UCH,,,,,,HEX,,,,,,HEX,,,,,,HEX,,,,,,HEX,,,,,,HEX,,,,sta,,UCH,,,,ta,,UCH,10,,,,,HEX,,,,thv_2,,UCH,10,,,,,,,,
#r,,SRerrdata1.2nd,,,,,da1040,errcod,,UCH,,,,,,HEX,,,,,,HEX,,,,,,HEX,,,,,,HEX,,,,,,HEX,,,,sta,,UCH,,,,ta,,UCH,10,,,,,HEX,,,,thv_2,,UCH,10,,,,,,,,
#r,,SRerrdata1.3nd,,,,,da2040,errcod,,UCH,,,,,,HEX,,,,,,HEX,,,,,,HEX,,,,,,HEX,,,,,,HEX,,,,sta,,UCH,,,,ta,,UCH,10,,,,,HEX,,,,thv_2,,UCH,10,,,,,,,,
#r,,SRerrdata1.4nd,,,,,da3040,errcod,,UCH,,,,,,HEX,,,,,,HEX,,,,,,HEX,,,,,,HEX,,,,,,HEX,,,,sta,,UCH,,,,ta,,UCH,10,,,,,HEX,,,,thv_2,,UCH,10,,,,,,,,
#r,,SRerrdata1.5nd,,,,,da4040,errcod,,UCH,,,,,,HEX,,,,,,HEX,,,,,,HEX,,,,,,HEX,,,,,,HEX,,,,sta,,UCH,,,,ta,,UCH,10,,,,,HEX,,,,thv_2,,UCH,10,,,,,,,,
#r,,SRerrdata1.6nd,,,,,da5040,errcod,,UCH,,,,,,HEX,,,,,,HEX,,,,,,HEX,,,,,,HEX,,,,,,HEX,,,,sta,,UCH,,,,ta,,UCH,10,,,,,HEX,,,,thv_2,,UCH,10,,,,,,,,
#*r,21576,,,,15,0622,02,,,,,,,,,,,,,,,,,,,,,,,,,,,,,,,,,,,,,,,,,,,,,,,,,,,,,,,,,,,,,,,,,,
#r,,SRerrdata2.last,,,,,da0140,,,HEX,,,,tpo,,UCH,10,,,,,HEX,,,,tb,,UCH,10,,,,,HEX,,,,twv,,UCH,10,,,,,HEX,,,,twr,,UCH,10,,,,,HEX,,,,tqe,,UCH,10,,,,,,,,
#r,,SRerrdata2.2nd,,,,,da1140,,,HEX,,,,tpo,,UCH,10,,,,,HEX,,,,tb,,UCH,10,,,,,HEX,,,,twv,,UCH,10,,,,,HEX,,,,twr,,UCH,10,,,,,HEX,,,,tqe,,UCH,10,,,,,,,,
#r,,SRerrdata2.3nd,,,,,da2140,,,HEX,,,,tpo,,UCH,10,,,,,HEX,,,,tb,,UCH,10,,,,,HEX,,,,twv,,UCH,10,,,,,HEX,,,,twr,,UCH,10,,,,,HEX,,,,tqe,,UCH,10,,,,,,,,
#r,,SRerrdata2.4nd,,,,,da3140,,,HEX,,,,tpo,,UCH,10,,,,,HEX,,,,tb,,UCH,10,,,,,HEX,,,,twv,,UCH,10,,,,,HEX,,,,twr,,UCH,10,,,,,HEX,,,,tqe,,UCH,10,,,,,,,,
#r,,SRerrdata2.5nd,,,,,da4140,,,HEX,,,,tpo,,UCH,10,,,,,HEX,,,,tb,,UCH,10,,,,,HEX,,,,twv,,UCH,10,,,,,HEX,,,,twr,,UCH,10,,,,,HEX,,,,tqe,,UCH,10,,,,,,,,
#r,,SRerrdata2.6nd,,,,,da5140,,,HEX,,,,tpo,,UCH,10,,,,,HEX,,,,tb,,UCH,10,,,,,HEX,,,,twv,,UCH,10,,,,,HEX,,,,twr,,UCH,10,,,,,HEX,,,,tqe,,UCH,10,,,,,,,,
#*r,21576,,,,15,0622,02,,,,,,,,,,,,,,,,,,,,,,,,,,,,,,,,,,,,,,,,,,,,,,,,,,,,,,,,,,,,,,,,,,
#r,,SRerrdata3.last,,,,,da0240,,,HEX,,,,tqa,,UCH,10,,,,,HEX,,,,tpv,,UCH,10,,,,,HEX,,,,tpd,,UCH,10,,,,,HEX,,,,tsg,,UCH,10,,,,,HEX,,,,thg,,UCH,10,,,,,,,,
#r,,SRerrdata3.2nd,,,,,da1240,,,HEX,,,,tqa,,UCH,10,,,,,HEX,,,,tpv,,UCH,10,,,,,HEX,,,,tpd,,UCH,10,,,,,HEX,,,,tsg,,UCH,10,,,,,HEX,,,,thg,,UCH,10,,,,,,,,
#r,,SRerrdata3.3nd,,,,,da2240,,,HEX,,,,tqa,,UCH,10,,,,,HEX,,,,tpv,,UCH,10,,,,,HEX,,,,tpd,,UCH,10,,,,,HEX,,,,tsg,,UCH,10,,,,,HEX,,,,thg,,UCH,10,,,,,,,,
#r,,SRerrdata3.4nd,,,,,da3240,,,HEX,,,,tqa,,UCH,10,,,,,HEX,,,,tpv,,UCH,10,,,,,HEX,,,,tpd,,UCH,10,,,,,HEX,,,,tsg,,UCH,10,,,,,HEX,,,,thg,,UCH,10,,,,,,,,
#r,,SRerrdata3.5nd,,,,,da4240,,,HEX,,,,tqa,,UCH,10,,,,,HEX,,,,tpv,,UCH,10,,,,,HEX,,,,tpd,,UCH,10,,,,,HEX,,,,tsg,,UCH,10,,,,,HEX,,,,thg,,UCH,10,,,,,,,,
#r,,SRerrdata3.6nd,,,,,da5240,,,HEX,,,,tqa,,UCH,10,,,,,HEX,,,,tpv,,UCH,10,,,,,HEX,,,,tpd,,UCH,10,,,,,HEX,,,,tsg,,UCH,10,,,,,HEX,,,,thg,,UCH,10,,,,,,,,
#*r,21576,,,,15,0622,02,,,,,,,,,,,,,,,,,,,,,,,,,,,,,,,,,,,,,,,,,,,,,,,,,,,,,,,,,,,,,,,,,,
#r,,SRerrdata4.last,,,,,da0340,,,HEX,,,,sw,,HEX,,,,,,HEX,,,,pnd,,UCH,10,,,,,HEX,,,,phd,,UCH,10,,,,,,,,,,,,,,,,,,,,,,,,,,,,,,,,
#r,,SRerrdata4.2nd,,,,,da1340,,,HEX,,,,sw,,D1C,,,,,,HEX,,,,pnd,,UCH,10,,,,,HEX,,,,phd,,UCH,10,,,,,,,,,,,,,,,,,,,,,,,,,,,,,,,,
#r,,SRerrdata4.3nd,,,,,da2340,,,HEX,,,,sw,,D1C,,,,,,HEX,,,,pnd,,UCH,10,,,,,HEX,,,,phd,,UCH,10,,,,,,,,,,,,,,,,,,,,,,,,,,,,,,,,
#r,,SRerrdata4.4nd,,,,,da3340,,,HEX,,,,sw,,D1C,,,,,,HEX,,,,pnd,,UCH,10,,,,,HEX,,,,phd,,UCH,10,,,,,,,,,,,,,,,,,,,,,,,,,,,,,,,,
#r,,SRerrdata4.5nd,,,,,da4340,,,HEX,,,,sw,,D1C,,,,,,HEX,,,,pnd,,UCH,10,,,,,HEX,,,,phd,,UCH,10,,,,,,,,,,,,,,,,,,,,,,,,,,,,,,,,
#r,,SRerrdata4.6nd,,,,,da5340,,,HEX,,,,sw,,D1C,,,,,,HEX,,,,pnd,,UCH,10,,,,,HEX,,,,phd,,UCH,10,,,,,,,,,,,,,,,,,,,,,,,,,,,,,,,,
#______________________________,,,,,,,,,,,,,,,,,,,,,,,,,,,,,,,,,,,,,,,,,,,,,,,,,,,,,,,,,,,,,,,,,,,,,,,,,
*b,master,,,,FE,,,,,,,,,,,,,,,,,,,,,,,,,,,,,,,,,,,,,,,,,,,,,,,,,,,,,,,,,,,,,,,,,,,,
b,,data1,,,,0801,,buffer,,D2B,,,,boiler,,D2B,,,,test,,IGN,,,,bwr,,BI0,,,,pump,,BI1,,,,buffer1,,BI2,,,,buffer2,,BI3,,,,loading,,BI4,,,,boiler,,BI5,,,,tbfconnect,,BI6,,,,return,,D2B,,,
b,,data2,,,,0802,,buffer,,D2B,,,,boiler,,D2B,,,,expected,,D1B,,,,device,,UCH,,,,error,,UCH,,,,,,,,,,,,,,,,,,,,,,,,,,,,,,,,,,,,,,,
b,,10u0503,,,10,0503,,status,,UCH,,,,state,,BI7,,,,maxmin,,BI2,,,,boiler,,D1C,,,,buffer1,,BI2,,,,buffer2,,BI3,,,,,,,,,,,,,,,,,,,,,,,,,,,,,,,,,
#b,,10u0503,,,10,0503,,status,,IGN,,,,boiler,,D2B,,,,buffer1,,BI2,,,,buffer2,,BI3,,,,,,,,,,,,,,,,,,,,,,,,,,,,,,,,,,,,,,,,,,,,,
,,,,,,,,,,,,,,,,,,,,,,,,,,,,,,,,,,,,,,,,,,,,,,,,,,,,,,,,,,,,,,,,,,,,,,,,,
#______________________________,,,,,,,,,,,,,,,,,,,,,,,,,,,,,,,,,,,,,,,,,,,,,,,,,,,,,,,,,,,,,,,,,,,,,,,,,
